{
  "x": -13.699999988079071,
  "y": 85.0,
  "z": -2.306603439838163,
  "yaw": 116.99995,
  "pitch": 31.350002,
  "dimension": "minecraft:overworld"
}