{
  "pvp": {
    "name": "pvp",
    "x": -29.05929071763092,
    "y": 89.0,
    "z": 3.097933195650216,
    "yaw": 116.99995,
    "pitch": 31.350002,
    "dimension": "minecraft:overworld"
  }
}